{"cameraMode":{"drawMode":0,"name":"Shaded","section":"Shading Mode"},"sceneLighting":true,"audioPlay":false,"sceneViewState":{"m_AlwaysRefresh":false,"showFog":true,"showSkybox":true,"showFlares":true,"showImageEffects":true,"showParticleSystems":true,"showVisualEffectGraphs":true,"m_FxEnabled":true},"in2DMode":false,"pivot":{"x":-0.48688554763793948,"y":-1.9910542964935303,"z":2.211700439453125},"rotation":{"x":0.18005849421024323,"y":-0.312566339969635,"z":0.06046944111585617,"w":0.9307147860527039},"size":4.474091529846191,"orthographic":true}